price,name,url
{},Set combat Beyblad Burst pro,https://www.jouets-sajou.com/figurines-environnements/19232-set-combat-beyblad-burst-pro.html
{},"Beyblade Burst Surge Speedstorm, Set de combat Motor Strike, arène Beystadium, 2 toupies et 2 lanceurs",https://www.jouets-sajou.com/catalogue-noel-2021/19233-beyblade-burst-surge-speedstorm-set-de-combat-motor-strike-arene-beystadium-2-toupies-et-2-lanceurs.html
{},Nerf Fortnite 6-SH,https://www.jouets-sajou.com/armes-et-munitions/19234-nerf-fortnite-6-sh.html
{},Nerf Elite 2.0 flip 8,https://www.jouets-sajou.com/catalogue-noel-2021/19342-nerf-elite-20-flip-8.html
{},Tenues Elsa + accessoires La Reine des Neiges,https://www.jouets-sajou.com/catalogue-noel-2021/19420-tenues-elsa-accessoires-la-reine-des-neiges.html
{},Nerf ultra scream machine,https://www.jouets-sajou.com/catalogue-noel-2021/19421-nerf-ultra-scream-machine.html
{},Beyblade Burst Speedstorm Ripfire 2.0,https://www.jouets-sajou.com/catalogue-noel-2021/19422-beyblade-burst-speedstorm-ripfire-20.html
{},Play Doh cakes arc ciel,https://www.jouets-sajou.com/catalogue-noel-2021/19423-play-doh-cakes-arc-ciel.html
{},Dr Maboul Pat Patrouille,https://www.jouets-sajou.com/jeux-de-strategie/19536-dr-maboul-pat-patrouille.html
{},Figurine Spider film 30cm - Modèle aléatoire,https://www.jouets-sajou.com/figurines-environnements/19537-figurine-spider-film-30cm-modele-aleatoire.html
{},Figurine Spider 15cm + accessoires  - Modèle aléatoire,https://www.jouets-sajou.com/figurines-environnements/19538-figurine-spider-15cm-accessoires-modele-aleatoire.html
{},Mme patate,https://www.jouets-sajou.com/encastrement-empilement/19540-mme-patate.html
{},Beyblade speedstorm,https://www.jouets-sajou.com/figurines-environnements/19541-beyblade-speedstorm.html
{},Figurine Avengers Hulk 30cm,https://www.jouets-sajou.com/avengers/19543-figurine-avengers-hulk-30cm.html
{},Blaster nerf ultra one,https://www.jouets-sajou.com/armes-et-munitions/19544-blaster-nerf-ultra-one.html
{},Monopoly La Reine des Neiges,https://www.jouets-sajou.com/reine-des-neiges/19545-monopoly-la-reine-des-neiges.html
{},Nerf Fortnite micro soa,https://www.jouets-sajou.com/armes-et-munitions/19553-nerf-fortnite-micro-soa.html
{},Rummikub lettres - HASBRO,https://www.jouets-sajou.com/catalogue-noel-2021/40-rummikub-lettres.html
{},Destins pets - HASBRO,https://www.jouets-sajou.com/jeux-d-action-et-de-societe/2530-destins-pets.html
{},Monopoly tricheurs - HASBRO,https://www.jouets-sajou.com/hasbro-gaming/2531-monopoly-tricheurs.html
{},JEU CARTES MONOPOLY 1.2.3,https://www.jouets-sajou.com/hasbro/16142-jeu-cartes-monopoly-123.html
{},Rummikub Boite Metal,https://www.jouets-sajou.com/hasbro/17408-rummikub-boite-metal.html
{},Trivial Pursuit Decades 2010-2020,https://www.jouets-sajou.com/hasbro/17933-trivial-pursuit-decades-2010-2020.html
{},Beyblade Burst Rise - Arene de combat de toupies Hypersphere Beystadium,https://www.jouets-sajou.com/hasbro/18642-beyblade-burst-rise-arene-de-combat-de-toupies-hypersphere-beystadium.html
{},Cubby ours furreal,https://www.jouets-sajou.com/hasbro/19535-cubby-ours-furreal.html
{},Risk junior,https://www.jouets-sajou.com/hasbro/19539-risk-junior.html
{},Transf kingdom classe deluxe,https://www.jouets-sajou.com/hasbro/19542-transf-kingdom-classe-deluxe.html
